SET search_path TO salon;

INSERT INTO Master (MASTER_ID, FIRST_NM, LAST_NM, PAY_PERCENT) VALUES
(1, 'Елена', 'Пугачёва', 0.40), 
(2, 'Дмитрий', 'Волков', 0.45), 
(3, 'Оксана', 'Петрова', 0.35),
(4, 'Марина', 'Аксаментова', 0.40), 
(5, 'Виктор', 'Кузнецов', 0.50), 
(6, 'Алиса', 'Смирнова', 0.40),
(7, 'Ксения', 'Савельева', 0.45), 
(8, 'Артем', 'Козлов', 0.40), 
(9, 'Полина', 'Новикова', 0.35),
(10, 'Дарья', 'Попова', 0.40), 
(11, 'Максим', 'Васильев', 0.45), 
(12, 'Нина', 'Павлова', 0.40),
(13, 'Григорий', 'Соловьев', 0.40), 
(14, 'Варвара', 'Титова', 0.35), 
(15, 'Тимур', 'Белов', 0.40),
(16, 'Вера', 'Степанова', 0.40), 
(17, 'София', 'Егорова', 0.45), 
(18, 'Илья', 'Андреев', 0.40),
(19, 'Анастасия', 'Макарова', 0.40), 
(20, 'Валерия', 'Сергеева', 0.35);

INSERT INTO Client (CLIENT_ID, PHONE_NO, FIRST_NM, BONUS_BALANCE) VALUES
(1, '+79000000001', 'Станислав', 150.00), 
(2, '+79000000002', 'Артём', 0.00), 
(3, '+79000000003', 'Мария', 500.00),
(4, '+79000000004', 'Екатерина', 200.00), 
(5, '+79000000005', 'Илья', 0.00), 
(6, '+79000000006', 'Елена', 1000.00),
(7, '+79000000007', 'Михаил', 50.00), 
(8, '+79000000008', 'Павел', 300.00), 
(9, '+79000000009', 'Наталья', 0.00),
(10, '+79000000010', 'Никита', 120.00), 
(11, '+79000000011', 'Григорий', 450.00), 
(12, '+79000000012', 'Алексей', 0.00),
(13, '+79000000013', 'Дмитрий', 800.00), 
(14, '+79000000014', 'Анжелика', 0.00), 
(15, '+79000000015', 'Юлия', 150.00),
(16, '+79000000016', 'Владислав', 60.00), 
(17, '+79000000017', 'Светлана', 250.00), 
(18, '+79000000018', 'Михаил', 0.00),
(19, '+79000000019', 'Матвей', 400.00), 
(20, '+79000000020', 'Евгений', 10.00), 
(21, '+79000000021', 'Дарья', 300.00),
(22, '+79000000022', 'Сергей', 0.00), 
(23, '+79000000023', 'Алиса', 150.00), 
(24, '+79000000024', 'Андрей', 50.00),
(25, '+79000000025', 'Михаил', 0.00), 
(26, '+79000000026', 'Владимир', 900.00), 
(27, '+79000000027', 'Ксения', 100.00),
(28, '+79000000028', 'Владислав', 0.00), 
(29, '+79000000029', 'Марина', 250.00), 
(30, '+79000000030', 'Олег', 0.00),
(31, '+79000000031', 'Виктория', 500.00), 
(32, '+79000000032', 'Константин', 0.00), 
(33, '+79000000033', 'Вера', 150.00),
(34, '+79000000034', 'Артем', 0.00), 
(35, '+79000000035', 'Егор', 600.00), 
(36, '+79000000036', 'Антон', 20.00),
(37, '+79000000037', 'Филипп', 110.00), 
(38, '+79000000038', 'Николай', 0.00), 
(39, '+79000000039', 'Валерия', 300.00),
(40, '+79000000040', 'Сергей', 50.00), 
(41, '+79000000041', 'Алиса', 0.00), 
(42, '+79000000042', 'Артем', 400.00),
(43, '+79000000043', 'Ярослав', 250.00), 
(44, '+79000000044', 'Роман', 0.00), 
(45, '+79000000045', 'Евгения', 100.00),
(46, '+79000000046', 'Александр', 50.00), 
(47, '+79000000047', 'Максим', 0.00), 
(48, '+79000000048', 'Станислав', 700.00),
(49, '+79000000049', 'Альбина', 100.00), 
(50, '+79000000050', 'Алина', 0.00);

INSERT INTO Service (SERVICE_ID, SERVICE_NM, BASE_PRICE, DURATION_MIN) VALUES
(1, 'Стрижка женская короткая', 1200.00, 60),
(2, 'Стрижка женская длинная', 1800.00, 90),
(3, 'Стрижка мужская', 1000.00, 45),
(4, 'Стрижка детская', 800.00, 30),
(5, 'Укладка дневная', 1000.00, 45),
(6, 'Укладка вечерняя', 2000.00, 60),
(7, 'Окрашивание', 2500.00, 90),
(8, 'Мелирование', 4000.00, 120),
(9, 'Тонирование', 2500.00, 60),
(10, 'Наращивание ресниц', 5000.00, 150),
(11, 'Маникюр классический', 800.00, 45),
(12, 'Маникюр аппаратный', 1000.00, 60),
(13, 'Педикюр классический', 1500.00, 60),
(14, 'Наращивание ногтей', 3500.00, 150),
(15, 'Макияж дневной', 2000.00, 60),
(16, 'Макияж вечерний', 3500.00, 90),
(17, 'Коррекция бровей', 500.00, 20),
(18, 'Ламинирование ресниц', 2200.00, 60),
(19, 'Чистка лица', 2500.00, 90),
(20, 'Стрижка женская средняя', 2000.00, 45);

INSERT INTO Appointment (APPOINTMENT_ID, CLIENT_ID, MASTER_ID, APPT_DTTM, STATUS_NM, BONUS_USED) VALUES
(1, 1, 1, '2026-04-01 10:00:00', 'completed', 0.00), 
(2, 2, 2, '2026-04-01 11:00:00', 'completed', 0.00),
(3, 3, 3, '2026-04-01 12:00:00', 'completed', 100.00), 
(4, 4, 4, '2026-04-02 10:00:00', 'completed', 0.00),
(5, 5, 5, '2026-04-02 14:00:00', 'completed', 0.00), 
(6, 6, 6, '2026-04-03 09:00:00', 'completed', 0.00),
(7, 7, 7, '2026-04-03 15:00:00', 'completed', 0.00), 
(8, 8, 8, '2026-04-04 11:00:00', 'completed', 0.00),
(9, 9, 9, '2026-04-04 13:00:00', 'completed', 0.00), 
(10, 10, 10, '2026-04-05 10:00:00', 'completed', 0.00),
(11, 11, 11, '2026-04-05 16:00:00', 'completed', 0.00), 
(12, 12, 12, '2026-04-06 12:00:00', 'completed', 0.00),
(13, 13, 13, '2026-04-06 14:00:00', 'completed', 0.00), 
(14, 14, 14, '2026-04-07 10:00:00', 'completed', 0.00),
(15, 15, 15, '2026-04-07 15:00:00', 'completed', 0.00), 
(16, 16, 16, '2026-04-08 09:00:00', 'completed', 0.00),
(17, 17, 17, '2026-04-08 11:00:00', 'completed', 0.00), 
(18, 18, 18, '2026-04-09 13:00:00', 'completed', 0.00),
(19, 19, 19, '2026-04-09 16:00:00', 'completed', 0.00), 
(20, 20, 20, '2026-04-10 10:00:00', 'completed', 0.00),
(21, 21, 1, '2026-04-10 12:00:00', 'completed', 0.00), 
(22, 22, 2, '2026-04-10 14:00:00', 'completed', 0.00),
(23, 23, 3, '2026-04-11 10:00:00', 'completed', 0.00), 
(24, 24, 4, '2026-04-11 11:00:00', 'completed', 0.00),
(25, 25, 5, '2026-04-11 15:00:00', 'completed', 0.00), 
(26, 26, 6, '2026-04-12 10:00:00', 'completed', 0.00),
(27, 27, 7, '2026-04-12 13:00:00', 'completed', 0.00), 
(28, 28, 8, '2026-04-12 16:00:00', 'completed', 0.00),
(29, 29, 9, '2026-04-13 10:00:00', 'completed', 0.00), 
(30, 30, 10, '2026-04-13 14:00:00', 'completed', 0.00),
(31, 31, 11, '2026-04-14 09:00:00', 'completed', 0.00), 
(32, 32, 12, '2026-04-14 11:00:00', 'completed', 0.00),
(33, 33, 13, '2026-04-14 15:00:00', 'completed', 0.00), 
(34, 34, 14, '2026-04-15 10:00:00', 'completed', 0.00),
(35, 35, 15, '2026-04-15 12:00:00', 'completed', 0.00), 
(36, 36, 16, '2026-04-15 16:00:00', 'completed', 0.00),
(37, 37, 17, '2026-04-16 10:00:00', 'completed', 0.00), 
(38, 38, 18, '2026-04-16 14:00:00', 'completed', 0.00),
(39, 39, 19, '2026-04-17 09:00:00', 'completed', 0.00), 
(40, 40, 20, '2026-04-17 13:00:00', 'completed', 0.00),
(41, 41, 1, '2026-04-18 10:00:00', 'completed', 0.00), 
(42, 42, 2, '2026-04-18 12:00:00', 'completed', 0.00),
(43, 43, 3, '2026-04-18 15:00:00', 'completed', 0.00), 
(44, 44, 4, '2026-04-19 10:00:00', 'completed', 0.00),
(45, 45, 5, '2026-04-19 14:00:00', 'completed', 0.00), 
(46, 46, 6, '2026-04-20 09:00:00', 'completed', 0.00),
(47, 47, 7, '2026-04-20 11:00:00', 'completed', 0.00), 
(48, 48, 8, '2026-04-20 16:00:00', 'completed', 0.00),
(49, 49, 9, '2026-04-21 10:00:00', 'cancelled', 0.00), 
(50, 50, 10, '2026-04-21 15:00:00', 'new', 0.00);

INSERT INTO AppointmentsDetails (APPOINTMENT_ID, SERVICE_ID, FACT_PRICE, MASTER_EARNING) VALUES
(1, 1, 1200.00, 480.00), 
(2, 3, 1000.00, 450.00), 
(3, 11, 800.00, 280.00),
(4, 19, 2500.00, 1000.00), 
(5, 20, 2000.00, 1000.00), 
(6, 17, 500.00, 200.00),
(7, 8, 4000.00, 1800.00), 
(8, 10, 5000.00, 2000.00), 
(9, 16, 3500.00, 1225.00),
(10, 14, 3500.00, 1400.00), 
(11, 12, 1000.00, 450.00), 
(12, 13, 1500.00, 600.00),
(13, 18, 2200.00, 880.00), 
(14, 5, 1000.00, 350.00), 
(15, 1, 1200.00, 480.00), 
(16, 7, 2500.00, 1000.00), 
(17, 15, 2000.00, 900.00), 
(18, 10, 5000.00, 2000.00),
(19, 11, 800.00, 320.00), 
(20, 15, 2000.00, 700.00), 
(21, 2, 1800.00, 720.00),
(22, 4, 800.00, 360.00), 
(23, 6, 2000.00, 700.00), 
(24, 9, 2500.00, 1000.00),
(25, 20, 2000.00, 1000.00), 
(26, 17, 500.00, 200.00), 
(27, 3, 1000.00, 450.00),
(28, 1, 1200.00, 480.00), 
(29, 12, 1000.00, 350.00), 
(30, 14, 3500.00, 1400.00),
(31, 19, 2500.00, 1125.00), 
(32, 18, 2200.00, 880.00), 
(33, 8, 4000.00, 1600.00),
(34, 16, 3500.00, 1225.00), 
(35, 13, 1500.00, 600.00), 
(36, 1, 1200.00, 480.00),
(37, 2, 1800.00, 810.00), 
(38, 7, 2500.00, 1000.00), 
(39, 15, 2000.00, 800.00),
(40, 5, 1000.00, 350.00), 
(41, 10, 5000.00, 2000.00), 
(42, 6, 2000.00, 900.00),
(43, 11, 800.00, 280.00), 
(44, 12, 1000.00, 400.00), 
(45, 19, 2500.00, 1250.00),
(46, 20, 2000.00, 800.00), 
(47, 4, 800.00, 360.00), 
(48, 18, 2200.00, 880.00),
(49, 1, 1200.00, 420.00), 
(50, 3, 1000.00, 400.00);

INSERT INTO Review (REVIEW_ID, APPOINTMENT_ID, RATING_VAL, REVIEW_TXT) VALUES
(1, 1, 10, 'Лучшая короткая стрижка в моей жизни!'),
(2, 2, 8, 'Подстригли отлично, настоящая мужская стрижка'),
(3, 3, 9, 'Оксана Петрова сделала очень аккуратный классический маникюр'),
(4, 4, 4, 'Марина была не в настроении, чистка лица прошла не очень'),
(5, 5, 10, 'Виктор Кузнецов хороший мастер'),
(6, 6, 9, 'Алиса Смирнова сделала идеальную коррекцию бровей'),
(7, 7, 10, 'Отлично подобрали цвет для мелирования'),
(8, 8, 7, 'Делали ресницы немного медленно, но вышло хорошо'),
(9, 9, 10, 'Сделали красивый макияж'),
(10, 10, 8, 'С Дарьей приятно общаться пока наращивает ногти)'),
(11, 11, 9, 'Васильев - профи в аппаратном маникюре'),
(12, 12, 10, 'Лучший педикюр'),
(13, 13, 10, 'Отличное ламинирование ресниц'),
(14, 14, 8, 'Уложили волосы неплохо (дневная укладка)'),
(15, 15, 9, 'Тимур Белов - вежливый и талантливый мастер, стрижка топ'),
(16, 16, 10, 'Сделали хорошее окрашивание'),
(17, 17, 7, 'Мастер немного опоздала, но дневной макияж сделала супер'),
(18, 18, 10, 'Сделали идеальное наращивание ресниц'),
(19, 19, 9, 'Анастасия очень аккуратно делает классический маникюр'),
(20, 20, 10, 'Валерия Сергеева - чудесный мастер');